{
    "data":{
        "0":"build\/window_split\/real-data\/1744545843",
        "1":"build\/window_split\/real-data\/1744545978",
        "2":"build\/window_split\/real-data\/1744545913",
        "3":"build\/window_split\/real-data\/1744545945",
        "4":"build\/window_split\/real-data\/1744545876"
    },
    "model":{
        "0":"build\/train\/best-model-1-80\/1744546385\/cnn.h5",
        "1":"build\/train\/best-model-1-80\/1744546054\/cnn.h5",
        "2":"build\/train\/best-model-1-80\/1744546197\/cnn.h5",
        "3":"build\/train\/best-model-1-80\/1744546113\/cnn.h5",
        "4":"build\/train\/best-model-1-80\/1744546262\/cnn.h5"
    },
    "Verstellweg_Phi_loss":{
        "0":0.7050770521,
        "1":1.2526443005,
        "2":0.6722834706,
        "3":0.998301208,
        "4":0.7664314508
    },
    "Verstellweg_Phi_mean_absolute_error":{
        "0":0.7047561407,
        "1":1.251953721,
        "2":0.6724554896,
        "3":0.9964179993,
        "4":0.7657729983
    },
    "Verstellweg_X_loss":{
        "0":0.1386799812,
        "1":0.0323537849,
        "2":0.1196479499,
        "3":0.1145865023,
        "4":0.0578899868
    },
    "Verstellweg_X_mean_absolute_error":{
        "0":0.1387213469,
        "1":0.0323760547,
        "2":0.119756937,
        "3":0.1147010773,
        "4":0.0577475205
    },
    "Verstellweg_Y_loss":{
        "0":1.4498877525,
        "1":0.5586899519,
        "2":0.784811914,
        "3":0.975643158,
        "4":0.9107167125
    },
    "Verstellweg_Y_mean_absolute_error":{
        "0":1.4436790943,
        "1":0.5587792993,
        "2":0.7849243879,
        "3":0.9758095145,
        "4":0.9110372663
    },
    "loss":{
        "0":2.3204526901,
        "1":1.8768613338,
        "2":1.613832593,
        "3":2.1219806671,
        "4":1.7667344809
    }
}