{
    "data":{
        "0":"build\/window_split\/soft-start\/1744564421",
        "1":"build\/window_split\/soft-start\/1744564384",
        "2":"build\/window_split\/soft-start\/1744564317",
        "3":"build\/window_split\/soft-start\/1744564287",
        "4":"build\/window_split\/soft-start\/1744564347"
    },
    "model":{
        "0":"build\/soft-start\/soft-start\/80\/1744566865\/cnn.h5",
        "1":"build\/soft-start\/soft-start\/80\/1744566733\/cnn.h5",
        "2":"build\/soft-start\/soft-start\/80\/1744566556\/cnn.h5",
        "3":"build\/soft-start\/soft-start\/80\/1744566499\/cnn.h5",
        "4":"build\/soft-start\/soft-start\/80\/1744566634\/cnn.h5"
    },
    "Verstellweg_Phi_loss":{
        "0":1.0353558064,
        "1":1.2602039576,
        "2":2.002710104,
        "3":0.6624308825,
        "4":0.8305354118
    },
    "Verstellweg_Phi_mean_absolute_error":{
        "0":1.034761548,
        "1":1.2604683638,
        "2":2.0032293797,
        "3":0.6616467237,
        "4":0.8306655288
    },
    "Verstellweg_X_loss":{
        "0":0.0827748924,
        "1":0.0334460139,
        "2":0.0150103457,
        "3":0.0410176143,
        "4":0.0127819572
    },
    "Verstellweg_X_mean_absolute_error":{
        "0":0.0826128796,
        "1":0.0334019139,
        "2":0.0150105795,
        "3":0.0410588905,
        "4":0.0127907544
    },
    "Verstellweg_Y_loss":{
        "0":0.7408240438,
        "1":1.0927563906,
        "2":0.5595543981,
        "3":0.8038525581,
        "4":0.7353134155
    },
    "Verstellweg_Y_mean_absolute_error":{
        "0":0.7409790754,
        "1":1.0920125246,
        "2":0.5598569512,
        "3":0.8038870692,
        "4":0.7355476022
    },
    "loss":{
        "0":1.9858096838,
        "1":2.4973888397,
        "2":2.693310976,
        "3":1.6460576057,
        "4":1.7054342031
    }
}