{
    "Verstellweg_Phi_loss":1.6547732592,
    "Verstellweg_Phi_mean_absolute_error":1.6547717094,
    "Verstellweg_X_loss":0.1263379246,
    "Verstellweg_X_mean_absolute_error":0.1263594687,
    "Verstellweg_Y_loss":1.5140912056,
    "Verstellweg_Y_mean_absolute_error":1.5141824484,
    "loss":3.4274747849
}