{
    "data":{
        "0":"build\/window_split\/real-data-15\/1744640543",
        "1":"build\/window_split\/real-data-15\/1744640470",
        "2":"build\/window_split\/real-data-15\/1744640581",
        "3":"build\/window_split\/real-data-15\/1744640431",
        "4":"build\/window_split\/real-data-15\/1744640507"
    },
    "model":{
        "0":"build\/soft-start\/base-model-15\/1744640950\/cnn.h5",
        "1":"build\/soft-start\/base-model-15\/1744640813\/cnn.h5",
        "2":"build\/soft-start\/base-model-15\/1744641023\/cnn.h5",
        "3":"build\/soft-start\/base-model-15\/1744640788\/cnn.h5",
        "4":"build\/soft-start\/base-model-15\/1744640899\/cnn.h5"
    },
    "Verstellweg_Phi_loss":{
        "0":1.6615139246,
        "1":1.5094224215,
        "2":1.8078171015,
        "3":1.5320055485,
        "4":1.7631072998
    },
    "Verstellweg_Phi_mean_absolute_error":{
        "0":1.6614588499,
        "1":1.509095788,
        "2":1.8078286648,
        "3":1.5321880579,
        "4":1.7632871866
    },
    "Verstellweg_X_loss":{
        "0":0.0782776624,
        "1":0.0868133456,
        "2":0.150769338,
        "3":0.144090116,
        "4":0.171739161
    },
    "Verstellweg_X_mean_absolute_error":{
        "0":0.0782925934,
        "1":0.0868260115,
        "2":0.1507856101,
        "3":0.1441175789,
        "4":0.1717755497
    },
    "Verstellweg_Y_loss":{
        "0":1.5527117252,
        "1":1.845210433,
        "2":1.8917987347,
        "3":1.2158787251,
        "4":1.06485641
    },
    "Verstellweg_Y_mean_absolute_error":{
        "0":1.5528664589,
        "1":1.845475316,
        "2":1.8916430473,
        "3":1.2159522772,
        "4":1.0649751425
    },
    "loss":{
        "0":3.4212913513,
        "1":3.5744974613,
        "2":3.9741470814,
        "3":3.01730299,
        "4":3.1501350403
    }
}