{
    "Verstellweg_Phi_loss":1.7669736385,
    "Verstellweg_Phi_mean_absolute_error":1.7669523716,
    "Verstellweg_X_loss":0.1394723117,
    "Verstellweg_X_mean_absolute_error":0.1394599155,
    "Verstellweg_Y_loss":1.4940841436,
    "Verstellweg_Y_mean_absolute_error":1.4941006184,
    "loss":3.5354187489
}