{
    "data":{
        "0":"build\/window_split\/soft-start\/1744563850",
        "1":"build\/window_split\/soft-start\/1744563773",
        "2":"build\/window_split\/soft-start\/1744563735",
        "3":"build\/window_split\/soft-start\/1744563888",
        "4":"build\/window_split\/soft-start\/1744563811"
    },
    "model":{
        "0":"build\/soft-start\/soft-start\/15\/1744565458\/cnn.h5",
        "1":"build\/soft-start\/soft-start\/15\/1744565281\/cnn.h5",
        "2":"build\/soft-start\/soft-start\/15\/1744565244\/cnn.h5",
        "3":"build\/soft-start\/soft-start\/15\/1744565517\/cnn.h5",
        "4":"build\/soft-start\/soft-start\/15\/1744565336\/cnn.h5"
    },
    "Verstellweg_Phi_loss":{
        "0":1.5975016356,
        "1":2.43349123,
        "2":1.6036207676,
        "3":1.7713630199,
        "4":1.4288915396
    },
    "Verstellweg_Phi_mean_absolute_error":{
        "0":1.5973575115,
        "1":2.4337999821,
        "2":1.6035437584,
        "3":1.7712972164,
        "4":1.4287633896
    },
    "Verstellweg_X_loss":{
        "0":0.1774654686,
        "1":0.1710566133,
        "2":0.1023077816,
        "3":0.1449204385,
        "4":0.1016112566
    },
    "Verstellweg_X_mean_absolute_error":{
        "0":0.1774474829,
        "1":0.1710322648,
        "2":0.1023280025,
        "3":0.1449418664,
        "4":0.1015499607
    },
    "Verstellweg_Y_loss":{
        "0":1.244438529,
        "1":1.9228928089,
        "2":1.6581320763,
        "3":1.4024344683,
        "4":1.2425228357
    },
    "Verstellweg_Y_mean_absolute_error":{
        "0":1.2444375753,
        "1":1.9228395224,
        "2":1.658308506,
        "3":1.4023010731,
        "4":1.242616415
    },
    "loss":{
        "0":3.1587586403,
        "1":4.6741323471,
        "2":3.4935877323,
        "3":3.4397625923,
        "4":2.9108524323
    }
}