{
    "Verstellweg_Phi_loss":0.391780995,
    "Verstellweg_Phi_mean_absolute_error":0.3919633887,
    "Verstellweg_X_loss":0.0363503506,
    "Verstellweg_X_mean_absolute_error":0.0363519736,
    "Verstellweg_Y_loss":0.2935959311,
    "Verstellweg_Y_mean_absolute_error":0.2935917124,
    "loss":0.6781453595
}