{
    "Verstellweg_Phi_loss":2.149921843,
    "Verstellweg_Phi_mean_absolute_error":2.1498927389,
    "Verstellweg_X_loss":0.1921025823,
    "Verstellweg_X_mean_absolute_error":0.1921107918,
    "Verstellweg_Y_loss":1.5695407561,
    "Verstellweg_Y_mean_absolute_error":1.5695677485,
    "loss":3.9674532073
}