{
    "data":{
        "0":"build\/window_split\/real-data\/1744537280",
        "1":"build\/window_split\/real-data\/1744538544",
        "2":"build\/window_split\/real-data\/1744538514",
        "3":"build\/window_split\/real-data\/1744537280",
        "4":"build\/window_split\/real-data\/1744538602",
        "5":"build\/window_split\/real-data\/1744537280",
        "6":"build\/window_split\/real-data\/1744538573"
    },
    "model":{
        "0":"build\/train\/best-model-1-20\/1744537305\/cnn.h5",
        "1":"build\/train\/best-model-1-20\/1744538675\/cnn.h5",
        "2":"build\/train\/best-model-1-20\/1744538699\/cnn.h5",
        "3":"build\/train\/best-model-1-20\/1744537305\/cnn.h5",
        "4":"build\/train\/best-model-1-20\/1744538628\/cnn.h5",
        "5":"build\/train\/best-model-1-20\/1744537305\/cnn.h5",
        "6":"build\/train\/best-model-1-20\/1744538652\/cnn.h5"
    },
    "Verstellweg_Phi_loss":{
        "0":1.9068180323,
        "1":2.1338224411,
        "2":1.920137167,
        "3":1.9068180323,
        "4":3.0059344769,
        "5":1.9068180323,
        "6":2.2691047192
    },
    "Verstellweg_Phi_mean_absolute_error":{
        "0":1.9067816734,
        "1":2.1337795258,
        "2":1.9199428558,
        "3":1.9067816734,
        "4":3.005964756,
        "5":1.9067816734,
        "6":2.2692170143
    },
    "Verstellweg_X_loss":{
        "0":0.2090613842,
        "1":0.1711937189,
        "2":0.1484026313,
        "3":0.2090613842,
        "4":0.0717268363,
        "5":0.2090613842,
        "6":0.3262107372
    },
    "Verstellweg_X_mean_absolute_error":{
        "0":0.209063977,
        "1":0.171160996,
        "2":0.1484249532,
        "3":0.209063977,
        "4":0.0717340857,
        "5":0.209063977,
        "6":0.3262635767
    },
    "Verstellweg_Y_loss":{
        "0":1.9696620703,
        "1":1.3513909578,
        "2":1.1622642279,
        "3":1.9696620703,
        "4":1.1553151608,
        "5":1.9696620703,
        "6":1.4088287354
    },
    "Verstellweg_Y_mean_absolute_error":{
        "0":1.9697440863,
        "1":1.351219058,
        "2":1.1623004675,
        "3":1.9697440863,
        "4":1.1553333998,
        "5":1.9697440863,
        "6":1.4088890553
    },
    "loss":{
        "0":4.1422395706,
        "1":3.7086963654,
        "2":3.2835831642,
        "3":4.1422395706,
        "4":4.2912082672,
        "5":4.1422395706,
        "6":4.0619659424
    }
}