{
    "Verstellweg_Phi_loss":0.4035923611,
    "Verstellweg_Phi_mean_absolute_error":0.4036382737,
    "Verstellweg_X_loss":0.0771200219,
    "Verstellweg_X_mean_absolute_error":0.077133109,
    "Verstellweg_Y_loss":0.3853928516,
    "Verstellweg_Y_mean_absolute_error":0.3854378097,
    "loss":0.3511965626
}