{
    "Verstellweg_Phi_loss":2.7393101454,
    "Verstellweg_Phi_mean_absolute_error":2.7393046618,
    "Verstellweg_X_loss":0.4068901092,
    "Verstellweg_X_mean_absolute_error":0.4068911267,
    "Verstellweg_Y_loss":2.5966257198,
    "Verstellweg_Y_mean_absolute_error":2.5966325998,
    "loss":5.8003023693
}