{
    "data":{
        "0":"build\/window_split\/real-data\/1744537177",
        "1":"build\/window_split\/real-data\/1744537177",
        "2":"build\/window_split\/real-data\/1744538048",
        "3":"build\/window_split\/real-data\/1744538138",
        "4":"build\/window_split\/real-data\/1744538108",
        "5":"build\/window_split\/real-data\/1744537177",
        "6":"build\/window_split\/real-data\/1744538077"
    },
    "model":{
        "0":"build\/train\/best-model-1-5\/1744537196\/cnn.h5",
        "1":"build\/train\/best-model-1-5\/1744537196\/cnn.h5",
        "2":"build\/train\/best-model-1-5\/1744538257\/cnn.h5",
        "3":"build\/train\/best-model-1-5\/1744538164\/cnn.h5",
        "4":"build\/train\/best-model-1-5\/1744538184\/cnn.h5",
        "5":"build\/train\/best-model-1-5\/1744537196\/cnn.h5",
        "6":"build\/train\/best-model-1-5\/1744538227\/cnn.h5"
    },
    "Verstellweg_Phi_loss":{
        "0":2.8444705009,
        "1":2.8444705009,
        "2":2.4525167942,
        "3":1.809576869,
        "4":2.8717393875,
        "5":2.8444705009,
        "6":3.5079264641
    },
    "Verstellweg_Phi_mean_absolute_error":{
        "0":2.8444530964,
        "1":2.8444530964,
        "2":2.4524867535,
        "3":1.8095785379,
        "4":2.8718020916,
        "5":2.8444530964,
        "6":3.5079059601
    },
    "Verstellweg_X_loss":{
        "0":0.4649963379,
        "1":0.4649963379,
        "2":0.4005256891,
        "3":0.2783112824,
        "4":0.5258051753,
        "5":0.4649963379,
        "6":0.2485996038
    },
    "Verstellweg_X_mean_absolute_error":{
        "0":0.465002507,
        "1":0.465002507,
        "2":0.4005190134,
        "3":0.2783142924,
        "4":0.5258031487,
        "5":0.465002507,
        "6":0.2485939115
    },
    "Verstellweg_Y_loss":{
        "0":3.1919980049,
        "1":3.1919980049,
        "2":1.9655700922,
        "3":2.4368441105,
        "4":2.2560141087,
        "5":3.1919980049,
        "6":1.9419577122
    },
    "Verstellweg_Y_mean_absolute_error":{
        "0":3.1920154095,
        "1":3.1920154095,
        "2":1.9655301571,
        "3":2.4368269444,
        "4":2.2560491562,
        "5":3.1920154095,
        "6":1.9419757128
    },
    "loss":{
        "0":6.5570640564,
        "1":6.5570640564,
        "2":4.8834004402,
        "3":4.5888490677,
        "4":5.7144351006,
        "5":6.5570640564,
        "6":5.7442398071
    }
}