{
    "Verstellweg_Phi_loss":1.6468626976,
    "Verstellweg_Phi_mean_absolute_error":1.6468816519,
    "Verstellweg_X_loss":0.0921200097,
    "Verstellweg_X_mean_absolute_error":0.0921199434,
    "Verstellweg_Y_loss":1.242774713,
    "Verstellweg_Y_mean_absolute_error":1.2427718043,
    "loss":3.1163755894
}