{
    "data":{
        "0":"build\/window_split\/soft-start\/1744564039",
        "1":"build\/window_split\/soft-start\/1744564076",
        "2":"build\/window_split\/soft-start\/1744563926",
        "3":"build\/window_split\/soft-start\/1744563963",
        "4":"build\/window_split\/soft-start\/1744564001"
    },
    "model":{
        "0":"build\/soft-start\/soft-start\/20\/1744565875\/cnn.h5",
        "1":"build\/soft-start\/soft-start\/20\/1744565944\/cnn.h5",
        "2":"build\/soft-start\/soft-start\/20\/1744565625\/cnn.h5",
        "3":"build\/soft-start\/soft-start\/20\/1744565684\/cnn.h5",
        "4":"build\/soft-start\/soft-start\/20\/1744565805\/cnn.h5"
    },
    "Verstellweg_Phi_loss":{
        "0":1.8479238749,
        "1":1.9299829006,
        "2":1.4881591797,
        "3":1.4697899818,
        "4":1.498457551
    },
    "Verstellweg_Phi_mean_absolute_error":{
        "0":1.8479813337,
        "1":1.9301689863,
        "2":1.4882190228,
        "3":1.4696961641,
        "4":1.4983427525
    },
    "Verstellweg_X_loss":{
        "0":0.0634205565,
        "1":0.0344499052,
        "2":0.1150100976,
        "3":0.1496174932,
        "4":0.0981019959
    },
    "Verstellweg_X_mean_absolute_error":{
        "0":0.063426502,
        "1":0.0344519727,
        "2":0.1150183976,
        "3":0.1496070921,
        "4":0.0980957523
    },
    "Verstellweg_Y_loss":{
        "0":1.115994215,
        "1":1.4245570898,
        "2":0.8679915071,
        "3":1.6187781096,
        "4":1.1865526438
    },
    "Verstellweg_Y_mean_absolute_error":{
        "0":1.1159968376,
        "1":1.424552083,
        "2":0.8680146337,
        "3":1.6187688112,
        "4":1.1865266562
    },
    "loss":{
        "0":3.1638185978,
        "1":3.5146579742,
        "2":2.6197631359,
        "3":3.3826653957,
        "4":2.9009728432
    }
}