{
    "Verstellweg_Phi_loss":0.2231301678,
    "Verstellweg_Phi_mean_absolute_error":0.2232292138,
    "Verstellweg_X_loss":0.044763826,
    "Verstellweg_X_mean_absolute_error":0.0447597201,
    "Verstellweg_Y_loss":0.2890155938,
    "Verstellweg_Y_mean_absolute_error":0.2890052615,
    "loss":0.3622196261
}