{
    "data":{
        "0":"build\/window_split\/soft-start\/1744564192",
        "1":"build\/window_split\/soft-start\/1744564226",
        "2":"build\/window_split\/soft-start\/1744564153",
        "3":"build\/window_split\/soft-start\/1744564114",
        "4":"build\/window_split\/soft-start\/1744564257"
    },
    "model":{
        "0":"build\/soft-start\/soft-start\/50\/1744566221\/cnn.h5",
        "1":"build\/soft-start\/soft-start\/50\/1744566274\/cnn.h5",
        "2":"build\/soft-start\/soft-start\/50\/1744566063\/cnn.h5",
        "3":"build\/soft-start\/soft-start\/50\/1744565995\/cnn.h5",
        "4":"build\/soft-start\/soft-start\/50\/1744566334\/cnn.h5"
    },
    "Verstellweg_Phi_loss":{
        "0":1.2714172602,
        "1":2.4266138077,
        "2":0.9596914053,
        "3":1.5204107761,
        "4":1.6579558849
    },
    "Verstellweg_Phi_mean_absolute_error":{
        "0":1.2713913918,
        "1":2.4267783165,
        "2":0.9596275687,
        "3":1.520378232,
        "4":1.6579731703
    },
    "Verstellweg_X_loss":{
        "0":0.0916052386,
        "1":0.105464913,
        "2":0.0200706646,
        "3":0.2232973278,
        "4":0.0161267556
    },
    "Verstellweg_X_mean_absolute_error":{
        "0":0.0916095898,
        "1":0.1054575071,
        "2":0.0200719181,
        "3":0.2233006358,
        "4":0.0161275174
    },
    "Verstellweg_Y_loss":{
        "0":0.9352137446,
        "1":1.2818303108,
        "2":0.7832875848,
        "3":1.1484421492,
        "4":0.7923877835
    },
    "Verstellweg_Y_mean_absolute_error":{
        "0":0.9352192283,
        "1":1.2817823887,
        "2":0.7833178043,
        "3":1.1484508514,
        "4":0.7924245
    },
    "loss":{
        "0":2.4358894825,
        "1":3.9347250462,
        "2":1.9028881788,
        "3":3.0210323334,
        "4":2.595082283
    }
}