{
    "Verstellweg_Phi_loss":0.5489927311,
    "Verstellweg_Phi_mean_absolute_error":0.5490796655,
    "Verstellweg_X_loss":0.0841853112,
    "Verstellweg_X_mean_absolute_error":0.0841858652,
    "Verstellweg_Y_loss":0.2208140427,
    "Verstellweg_Y_mean_absolute_error":0.2207842099,
    "loss":0.7604927211
}