{
    "5": {
        "Means": [0.454582, 2.372917, 2.549998],
        "Stds": [0.214297, 0.549443, 0.503158]
    },
    "10": {
        "Means": [0.251214, 1.718665, 2.428290],
        "Stds": [0.079998, 0.352178, 0.496308]
    },
    "15": {
        "Means": [0.242320, 1.612065, 2.005019],
        "Stds": [0.056340, 0.348249, 0.293238]
    },
    "20": {
        "Means": [0.194705, 1.437825, 2.141977],
        "Stds": [0.084977, 0.322788, 0.334469]
    },
    "50": {
        "Means": [0.137435, 0.848052, 1.413595],
        "Stds": [0.081765, 0.136454, 0.232792]
    }
}
