{
    "Verstellweg_Phi_loss":2.0896270037,
    "Verstellweg_Phi_mean_absolute_error":2.0896270037,
    "Verstellweg_X_loss":0.1738704473,
    "Verstellweg_X_mean_absolute_error":0.1738704473,
    "Verstellweg_Y_loss":2.1926960707,
    "Verstellweg_Y_mean_absolute_error":2.1926960707,
    "loss":4.5849338055
}