{
    "data":{
        "0":"build\/window_split\/soft-start\/1744563595",
        "1":"build\/window_split\/soft-start\/1744563626",
        "2":"build\/window_split\/soft-start\/1744563565",
        "3":"build\/window_split\/soft-start\/1744563698",
        "4":"build\/window_split\/soft-start\/1744563661"
    },
    "model":{
        "0":"build\/soft-start\/soft-start\/10\/1744565103\/cnn.h5",
        "1":"build\/soft-start\/soft-start\/10\/1744565138\/cnn.h5",
        "2":"build\/soft-start\/soft-start\/10\/1744564965\/cnn.h5",
        "3":"build\/soft-start\/soft-start\/10\/1744565190\/cnn.h5",
        "4":"build\/soft-start\/soft-start\/10\/1744565169\/cnn.h5"
    },
    "Verstellweg_Phi_loss":{
        "0":1.5988709927,
        "1":2.1963980198,
        "2":1.9068652391,
        "3":2.2863633633,
        "4":2.4596374035
    },
    "Verstellweg_Phi_mean_absolute_error":{
        "0":1.5988709927,
        "1":2.1963980198,
        "2":1.9068652391,
        "3":2.2863633633,
        "4":2.4596374035
    },
    "Verstellweg_X_loss":{
        "0":0.1288342029,
        "1":0.2206122726,
        "2":0.2099912018,
        "3":0.15725936,
        "4":0.1526551992
    },
    "Verstellweg_X_mean_absolute_error":{
        "0":0.1288342029,
        "1":0.2206122726,
        "2":0.2099912018,
        "3":0.15725936,
        "4":0.1526551992
    },
    "Verstellweg_Y_loss":{
        "0":1.3095059395,
        "1":2.2551131248,
        "2":2.3322470188,
        "3":3.5476326942,
        "4":1.518981576
    },
    "Verstellweg_Y_mean_absolute_error":{
        "0":1.3095059395,
        "1":2.2551131248,
        "2":2.3322470188,
        "3":3.5476326942,
        "4":1.518981576
    },
    "loss":{
        "0":3.1551301479,
        "1":4.7988357544,
        "2":4.5782527924,
        "3":6.1217861176,
        "4":4.2706642151
    }
}