{
    "Verstellweg_Phi_loss":0.3395792492,
    "Verstellweg_Phi_mean_absolute_error":0.3395792492,
    "Verstellweg_X_loss":0.0395088136,
    "Verstellweg_X_mean_absolute_error":0.0395088136,
    "Verstellweg_Y_loss":0.8793661976,
    "Verstellweg_Y_mean_absolute_error":0.8793661976,
    "loss":1.0666322683
}