{
    "cnn-corvin-30-trials": 0.000893400705103521,
    "cnn-corvin-60-trials": 0.0003255639325303961,
    "cnn-davi": 0.00016803479725592616,
    "cnn-davi-new": 0.0008395596729731642
}