{
    "cnn-corvin-30-trials": 0.000893400705103521,
    "cnn-corvin-60-trials": 0.0003255639325303961
}