{
    "Verstellweg_Phi_loss":2.0589375496,
    "Verstellweg_Phi_mean_absolute_error":2.0589100838,
    "Verstellweg_X_loss":0.4908238471,
    "Verstellweg_X_mean_absolute_error":0.4908230901,
    "Verstellweg_Y_loss":2.925366497,
    "Verstellweg_Y_mean_absolute_error":2.9253707409,
    "loss":5.5934551239
}