{
    "data":{
        "0":"build\/window_split\/soft-start\/1744563413",
        "1":"build\/window_split\/soft-start\/1744563444",
        "2":"build\/window_split\/soft-start\/1744563504",
        "3":"build\/window_split\/soft-start\/1744563535",
        "4":"build\/window_split\/soft-start\/1744563474"
    },
    "model":{
        "0":"build\/soft-start\/soft-start\/5\/1744564689\/cnn.h5",
        "1":"build\/soft-start\/soft-start\/5\/1744564731\/cnn.h5",
        "2":"build\/soft-start\/soft-start\/5\/1744564881\/cnn.h5",
        "3":"build\/soft-start\/soft-start\/5\/1744564905\/cnn.h5",
        "4":"build\/soft-start\/soft-start\/5\/1744564750\/cnn.h5"
    },
    "Verstellweg_Phi_loss":{
        "0":2.4413049221,
        "1":2.0725557804,
        "2":2.1774013042,
        "3":1.7872775793,
        "4":1.8161481619
    },
    "Verstellweg_Phi_mean_absolute_error":{
        "0":2.4412865639,
        "1":2.072524786,
        "2":2.1773416996,
        "3":1.7872780561,
        "4":1.8161193132
    },
    "Verstellweg_X_loss":{
        "0":0.28172791,
        "1":0.3864046037,
        "2":0.5140600204,
        "3":0.36766994,
        "4":0.9042567611
    },
    "Verstellweg_X_mean_absolute_error":{
        "0":0.2817303538,
        "1":0.3864088356,
        "2":0.5140549541,
        "3":0.3676667511,
        "4":0.9042545557
    },
    "Verstellweg_Y_loss":{
        "0":2.2058677673,
        "1":4.2395415306,
        "2":2.3419625759,
        "3":2.3327479362,
        "4":3.5067126751
    },
    "Verstellweg_Y_mean_absolute_error":{
        "0":2.2058417797,
        "1":4.2395420074,
        "2":2.3419723511,
        "3":2.3327758312,
        "4":3.506721735
    },
    "loss":{
        "0":5.0450191498,
        "1":6.817782402,
        "2":5.1440987587,
        "3":4.6120319366,
        "4":6.3483433723
    }
}