{
    "5":
    {
        "Means": [0.5008895576333333, 3.0971050262333337, 2.0524917443999997],
        "Stds": [0.32840355945824157, 1.1322200212085922, 0.3401997287314908]
    },
    "10":
    {
        "Means": [0.1847951571, 1.8836439927666668, 2.067961239833333],
        "Stds": [0.05122377678948509, 0.5779555634294163, 0.32265266021216127]
    },
    "15":
    {
        "Means": [0.11808525923333332, 1.5113816976666667, 1.7942739725333332],
        "Stds": [0.03959632287783063, 0.3145709449059104, 0.31454308231965833]
    },
    "20":
    {
        "Means": [0.13302652166666667, 1.3517565687666668, 1.7615691026333333],
        "Stds": [0.0484918642371987, 0.24189927720762458, 0.2075571031053338]
    },
    "50":
    {
        "Means": [0.07130296813333332, 0.8328197916333333, 1.4845895489],
        "Stds": [0.09147382136885773, 0.15513750683990687, 0.39320832981666476]
    }
}