{
    "Verstellweg_Phi_loss":2.364133358,
    "Verstellweg_Phi_mean_absolute_error":2.364133358,
    "Verstellweg_X_loss":0.2897865048,
    "Verstellweg_X_mean_absolute_error":0.2897865048,
    "Verstellweg_Y_loss":1.8949118512,
    "Verstellweg_Y_mean_absolute_error":1.8949118512,
    "loss":4.6044342858
}