{
    "data":{
        "0":"build\/window_split\/real-data\/1744538323",
        "1":"build\/window_split\/real-data\/1744538386",
        "2":"build\/window_split\/real-data\/1744538354",
        "3":"build\/window_split\/real-data\/1744537223",
        "4":"build\/window_split\/real-data\/1744537223",
        "5":"build\/window_split\/real-data\/1744538291",
        "6":"build\/window_split\/real-data\/1744537223"
    },
    "model":{
        "0":"build\/train\/best-model-1-10\/1744538464\/cnn.h5",
        "1":"build\/train\/best-model-1-10\/1744538410\/cnn.h5",
        "2":"build\/train\/best-model-1-10\/1744538431\/cnn.h5",
        "3":"build\/train\/best-model-1-10\/1744537253\/cnn.h5",
        "4":"build\/train\/best-model-1-10\/1744537253\/cnn.h5",
        "5":"build\/train\/best-model-1-10\/1744538484\/cnn.h5",
        "6":"build\/train\/best-model-1-10\/1744537253\/cnn.h5"
    },
    "Verstellweg_Phi_loss":{
        "0":2.4220430851,
        "1":1.7022342682,
        "2":2.8053920269,
        "3":2.4922845364,
        "4":2.4922845364,
        "5":2.1424105167,
        "6":2.4922845364
    },
    "Verstellweg_Phi_mean_absolute_error":{
        "0":2.4220430851,
        "1":1.7022342682,
        "2":2.8053920269,
        "3":2.4922845364,
        "4":2.4922845364,
        "5":2.1424105167,
        "6":2.4922845364
    },
    "Verstellweg_X_loss":{
        "0":0.2064274848,
        "1":0.3248784542,
        "2":0.2761084437,
        "3":0.3180324435,
        "4":0.3180324435,
        "5":0.2669938207,
        "6":0.3180324435
    },
    "Verstellweg_X_mean_absolute_error":{
        "0":0.2064274848,
        "1":0.3248784542,
        "2":0.2761084437,
        "3":0.3180324435,
        "4":0.3180324435,
        "5":0.2669938207,
        "6":0.3180324435
    },
    "Verstellweg_Y_loss":{
        "0":1.3295202255,
        "1":1.3104244471,
        "2":1.8914097548,
        "3":2.2830576897,
        "4":2.2830576897,
        "5":1.8838554621,
        "6":2.2830576897
    },
    "Verstellweg_Y_mean_absolute_error":{
        "0":1.3295202255,
        "1":1.3104244471,
        "2":1.8914097548,
        "3":2.2830576897,
        "4":2.2830576897,
        "5":1.8838554621,
        "6":2.2830576897
    },
    "loss":{
        "0":4.0135951042,
        "1":3.3947677612,
        "2":5.0339512825,
        "3":5.1453909874,
        "4":5.1453909874,
        "5":4.3525528908,
        "6":5.1453909874
    }
}