{
    "Verstellweg_Phi_loss":0.3499053078,
    "Verstellweg_Phi_mean_absolute_error":0.3499053078,
    "Verstellweg_X_loss":0.0433594782,
    "Verstellweg_X_mean_absolute_error":0.0433594782,
    "Verstellweg_Y_loss":0.4307743609,
    "Verstellweg_Y_mean_absolute_error":0.4307743609,
    "loss":0.6997875375
}