{
    "data":{
        "0":"build\/window_split\/real-data\/1744538768",
        "1":"build\/window_split\/real-data\/1744538732",
        "2":"build\/window_split\/real-data\/1744538804",
        "3":"build\/window_split\/real-data\/1744537333",
        "4":"build\/window_split\/real-data\/1744537333",
        "5":"build\/window_split\/real-data\/1744538838"
    },
    "model":{
        "0":"build\/train\/best-model-1-50\/1744538957\/cnn.h5",
        "1":"build\/train\/best-model-1-50\/1744539013\/cnn.h5",
        "2":"build\/train\/best-model-1-50\/1744538916\/cnn.h5",
        "3":"build\/train\/best-model-1-50\/1744537404\/cnn.h5",
        "4":"build\/train\/best-model-1-50\/1744537404\/cnn.h5",
        "5":"build\/train\/best-model-1-50\/1744538878\/cnn.h5"
    },
    "Verstellweg_Phi_loss":{
        "0":1.5361388922,
        "1":1.2930552959,
        "2":1.6299016476,
        "3":1.1368573904,
        "4":1.1368573904,
        "5":1.6062885523
    },
    "Verstellweg_Phi_mean_absolute_error":{
        "0":1.5361647606,
        "1":1.2929593325,
        "2":1.6298853159,
        "3":1.1368253231,
        "4":1.1368253231,
        "5":1.6063345671
    },
    "Verstellweg_X_loss":{
        "0":0.2148546278,
        "1":0.0282728709,
        "2":0.1933082044,
        "3":0.1655162722,
        "4":0.1655162722,
        "5":0.1049880385
    },
    "Verstellweg_X_mean_absolute_error":{
        "0":0.2148453891,
        "1":0.0282735508,
        "2":0.1932983994,
        "3":0.1655164808,
        "4":0.1655164808,
        "5":0.1049714908
    },
    "Verstellweg_Y_loss":{
        "0":0.7774831057,
        "1":0.9174305201,
        "2":0.8085692525,
        "3":0.8391469717,
        "4":0.8391469717,
        "5":0.8681870699
    },
    "Verstellweg_Y_mean_absolute_error":{
        "0":0.7774751782,
        "1":0.9173870683,
        "2":0.8085935712,
        "3":0.8391755223,
        "4":0.8391755223,
        "5":0.8681933284
    },
    "loss":{
        "0":2.5712730885,
        "1":2.2807633877,
        "2":2.6751565933,
        "3":2.1824500561,
        "4":2.1824500561,
        "5":2.6208660603
    }
}